Skill,Demand_Count,Average_Salary
SQL (Programming Language),37655,113403.17365555702
Data Analysis,26250,110431.68163809524
Communication,26124,117425.59803246058
Python (Programming Language),22140,116386.29810298103
Dashboard,21607,111969.71129726477
Microsoft Excel,18425,108565.24141112619
SAP Applications,18318,122781.04017905885
Leadership,15968,124435.03813877756
Management,14198,116795.92886322018
Project Management,13350,119650.45056179776
"
  Power BI",13315,109714.18092377018
Business Process,13070,121248.6416220352
Business Requirements,12900,122912.80480620154
Operations,12537,116698.15625747787
Microsoft PowerPoint,12090,114262.605872622
Finance,12074,118219.84470763625
"Tableau (Business Intelligence Software)
",11987,109546.83390339534
Tableau (Business Intelligence Software),11499,111454.22132359336
"Problem Solving
",11410,114418.98168273445
"R (Programming Language)
",11289,110989.30401275578
Business Intelligence,10113,114391.56135666963
"
  Management",9688,118684.09124690338
"Computer Science
",9679,119199.99039156937
Planning,9239,121460.14590323628
Microsoft Office,8943,110456.38622386224
Agile Methodology,8685,127273.24835924007
Data Management,8511,114198.32992597815
Microsoft Azure,8398,126472.65313169803
Detail Oriented,8365,109797.07878063359
Amazon Web Services,8281,128042.1781185847
Statistics,8068,110507.45277640059
Presentations,7812,118565.7549923195
Decision Making,7758,118435.14694508894
Writing,7707,115394.79823537044
Data Modeling,7673,121240.42186889092
Data Quality,7608,116719.65023659306
Computer Science,7585,117892.97099538564
Power BI,7510,110123.58229027962
Data Visualization,7122,110515.0095478798
Problem Solving,6929,116520.0607591283
Interpersonal Communications,6735,116650.97000742391
"
  Research",6694,111058.70346579025
Data Science,6603,114868.5005300621
SAS (Software),6508,107660.24692685925
Data Warehousing,6485,119661.32413261372
Analytical Skills,6433,111851.87362039484
Automation,6430,119827.69704510109
Troubleshooting (Problem Solving),6411,115167.95039775386
Workflow Management,6135,117093.83064384678
Application Programming Interface (API),6047,124783.50008268563
Governance,5976,128382.09638554217
Innovation,5963,122769.30622170049
Consulting,5872,128910.68051771117
Information Systems,5845,119764.25047048759
"Microsoft Excel
",5703,106200.16868314923
Extract Transform Load (ETL),5657,121462.32225561251
Process Improvement,5638,114615.10695282015
Influencing Skills,5574,126671.28650879081
Java (Programming Language),4989,123285.99518941672
Data Governance,4900,117661.45897959184
Enterprise Architecture,4840,135021.89111570248
Microsoft Access,4798,110171.39516465194
Accounting,4729,116032.60943116937
"
  Information Technology",4671,117450.71547848427
Verbal Communication Skills,4668,114608.47086546701
Critical Thinking,4592,116263.83754355401
Mathematics,4504,114143.87611012433
"SQL (Programming Language)
",4486,110965.73584485064
"Microsoft Office
",4484,113181.79661016949
"
  Customer Service",4448,108562.22099820143
Supply Chain,4431,122924.0115098172
Microsoft Outlook,4417,107603.78582748472
Key Performance Indicators (KPIs),4398,113453.47658026376
JIRA,4352,114853.0838694853
Self-Motivation,4330,114649.11385681294
Sales,4253,122628.15706560075
Microsoft Visio,4222,124625.46494552345
Scalability,4219,129674.51813225883
Marketing,4200,114571.83976190476
Organizational Skills,4197,106291.28186800095
"
  Salesforce",4158,118738.80832130832
Economics,4090,110684.44865525673
Coordinating,4089,116081.04108584006
Auditing,4081,112509.04312668464
Enterprise Resource Planning,4066,123728.33767830791
Mentorship,4031,128422.04936740264
Continuous Improvement Process,4017,121801.81279561862
Time Management,3998,109924.60605302651
Machine Learning,3987,124216.72560822674
"
  Communication",3940,120583.80456852792
Information Technology,3929,118796.78849580046
"
  Relational Databases",3910,112233.73631713555
Solution Architecture,3843,135258.3710642727
Oracle Cloud,3806,129287.5162900683
SAP ERP,3707,121331.82573509577
"
  Business Objectives",3703,125055.77990818255
"Sales
",3602,124011.32315380345
Data Integrity,3598,110679.67676486938
Customer Service,3581,118201.1711812343
Business Strategies,3554,125824.04614518852
Data Collection,3549,105505.38996900535
"
  Presentations",3539,117489.20683808986
Reporting Tools,3420,112054.54502923977
"
  Oracle Cloud",3371,132796.09878374368
Alteryx,3280,109538.5243902439
"SAP Applications
",3273,124173.56248090437
Prioritization,3256,115565.00737100738
"Writing
",3207,119054.926410976
Research,3189,111640.00783944811
Systems Development Life Cycle,3163,122773.08346506482
Data Integration,3156,124537.04531051965
Data Engineering,3138,129998.35117909497
Microsoft SQL Servers,3136,112721.74521683673
Change Management,3119,119604.733889067
Ability To Meet Deadlines,3084,109798.83203631647
Data Architecture,3007,128864.84735616895
"
  Detail Oriented",2956,104276.2550744249
Data Mining,2955,111087.0758037225
"
  SAP S/4HANA",2944,135923.96637228262
Business Analysis,2934,117490.38616223585
"Consulting
",2914,129590.33459162663
Customer Relationship Management,2814,119859.25941719972
Artificial Intelligence,2794,126959.61488904797
Business Intelligence Tools,2745,111850.63679417122
Technology Solutions,2703,134104.58601553828
"Innovation
",2590,128262.04980694981
Statistical Analysis,2583,109226.13898567557
Microsoft Word,2580,119794.02093023255
Advanced Business Application Programming (ABAP),2559,119775.31809300507
Multitasking,2559,108059.10277452129
Extensible Markup Language (XML),2555,117419.91937377691
Solution Design,2544,125446.98309748428
The Open Group Architecture Framework (TOGAF),2518,131620.90309769657
Scripting,2517,120673.99284862932
Emerging Technologies,2496,130947.12700320513
Strategic Planning,2469,125147.53057918185
Functional Specification,2460,119345.29227642277
Software Development,2435,127258.7112936345
Apache Spark,2434,126562.13352506162
JavaScript (Programming Language),2431,117862.464417935
PL/SQL,2424,117952.66749174918
Billing,2424,120169.7301980198
Test Planning,2414,117927.0758077879
Spreadsheets,2409,104022.25238688252
Analytics,2402,116509.80016652789
Big Data,2402,124778.84054954204
Business Operations,2382,119233.42191435768
User Acceptance Testing (UAT),2371,114586.37789962042
Supply Chain Management,2361,126333.7157983905
Visual Basic For Applications,2356,108617.48896434635
Coaching,2351,120937.51595065929
Cyber Security,2343,124949.87537345284
Quality Assurance,2330,112751.08841201717
Forecasting,2302,115259.6090356212
Requirements Elicitation,2277,122084.23847167325
Enterprise Application Software,2270,125988.85198237885
Relational Databases,2247,111181.463729417
"
  Python (Programming Language)",2214,123189.79765130984
Ethical Standards And Conduct,2212,119367.32459312839
Oracle E-Business Suite,2185,120548.25308924486
Business Administration,2182,115393.92942254813
Technical Support,2180,111675.14220183487
Scrum (Software Development),2177,118192.20349104272
Software As A Service (SaaS),2176,127041.8671875
RESTful API,2173,125137.06028531984
Data Structures,2166,115100.74007386889
Procurement,2158,123565.1640407785
Financial Services,2157,123183.17246175243
Thought Leadership,2153,135942.89735253135
SQL Server Reporting Services,2145,109589.35897435897
Advanced Analytics,2142,117837.42343604108
"
  Microsoft PowerPoint",2125,114969.15717647059
Authorization (Computing),2117,123634.79452054795
"Troubleshooting (Problem Solving)
",2103,115241.7760342368
Data Lakes,2098,121874.76596758817
Apache Hadoop,2082,122326.8688760807
Microsoft SharePoint,2048,115233.732421875
Order Management Systems,2038,121984.01226692836
SAP Sales And Distribution,2028,129873.85404339251
English Language,2008,113648.77141434263
Data-Driven Decision Making,2000,114083.7485
Timelines,1987,118165.95822848515
Looker Analytics,1965,116209.04783715012
SQL Server Integration Services (SSIS),1948,112517.26283367556
Metadata,1943,119187.02007205352
"
  Planning",1920,122789.80208333333
Functional Requirement,1881,119655.95162147794
Business Analytics,1880,115787.04574468086
Application Development,1873,129847.81954084357
Oracle Human Capital Management (HCM),1866,138884.61468381566
Data Manipulation,1837,110808.06913445836
Root Cause Analysis,1837,111799.52422427872
DevOps,1821,129551.45140032949
Oracle Fusion Middleware,1820,117103.91428571429
ServiceNow,1817,124237.34782608696
Budgeting,1813,127884.35410921126
Informatica,1811,119029.07564881281
Business Acumen,1809,123142.33112216694
"
  Microsoft SharePoint",1791,113658.36795086543
Data Pipelines,1782,120127.00280583613
Data Migration,1776,120382.90033783784
Ad Hoc Reporting,1774,103279.8444193912
"Teamwork
",1772,114105.05304740406
Linux,1767,124137.17883418222
Programming Languages,1766,118443.66024915062
Management Information Systems,1762,121471.54880817253
Amazon Redshift,1760,123377.75852272728
Data Reporting,1748,102187.01659038902
Collaboration,1744,121817.80160550459
"Operations
",1742,117081.88748564868
Acceptance Testing,1733,115255.76687824582
Databricks,1714,120008.10443407235
Risk Management,1714,123260.36581096849
Business Development,1713,133341.49503794513
Scheduling,1705,112913.43343108504
Unix,1663,124887.72459410703
Accountability,1656,116493.68538647343
Google Cloud Platform (GCP),1645,124196.72097264438
"
  Enterprise Resource Planning",1645,115672.00121580547
"
  Workflow Management",1639,108687.45454545454
Git (Version Control System),1635,118211.53088685016
C# (Programming Language),1624,117367.29125615764
Product Management,1622,128436.9617755857
Pivot Tables And Charts,1620,98581.91172839506
"Data Analysis
",1589,112995.99433606041
Accounts Payable,1581,122119.2258064516
HyperText Markup Language (HTML),1576,117279.14340101523
Project Implementation,1567,123347.14039566049
Technological Change,1562,128943.56658130602
"
  SAP Functional",1559,125163.4201411161
Gap Analysis,1559,122257.99871712636
Microservices,1559,133824.53944836435
Warehousing,1548,116222.03165374677
Systems Analysis,1534,118282.20273794002
Kubernetes,1532,134580.07180156658
Professionalism,1532,106974.68668407311
Purchasing,1529,119168.22302158273
SPSS (Statistical Software),1511,101806.42951687625
Data Extraction,1506,111341.54316069058
Requirements Analysis,1502,120326.0965379494
"
  SAP Applications",1492,121478.96112600536
Business Metrics,1492,117632.84048257372
Systems Integration,1488,122731.53965053764
Operational Data Store,1485,115118.69696969698
Database Management Systems,1466,108775.18963165075
Business Valuation,1461,127158.45859000685
"
  Microsoft Access",1460,103636.99589041095
Risk Analysis,1458,121962.69478737997
Platform As A Service (PaaS),1453,131024.6882312457
Apache Kafka,1448,136350.0614640884
Technical Design,1446,122720.01106500691
Project Planning,1445,119286.3633217993
"
  Forecasting",1432,120517.9972067039
Technical Documentation,1417,116492.11503175723
Performance Management,1416,120936.53672316384
Algorithms,1397,115670.43736578383
Strategic Decision Making,1396,116842.4570200573
Report Writing,1389,104754.7019438445
Data Cleansing,1382,108649.09479015919
Software Engineering,1380,136131.04855072463
Self Service Technologies,1371,113420.15244347192
Accounts Receivable,1367,121834.63789319678
Information Technology Infrastructure Library,1359,122959.31493745401
Github,1355,116578.6073800738
Middleware,1343,126683.38719285182
Teamwork,1343,114233.78555472822
Cloud Services,1341,134464.18717375092
Industry Standards,1337,124258.39865370232
Order To Cash Process,1335,129333.14756554307
CI/CD,1328,132407.3328313253
Technical Leadership,1327,133655.6254709872
Quality Control,1323,107727.45275888134
SAP FI/CO,1322,119946.24583963692
Request For Proposal,1316,144235.65577507598
Workday (Software),1314,118441.6902587519
NextGen Enterprise Practice Management,1314,131529.62252663623
JSON,1312,118032.11509146342
Performance Metric,1309,116541.68372803667
Salesforce,1306,120784.41041347626
Data Processing,1305,114574.88045977011
Operational Efficiency,1298,114782.19337442219
Systems Architecture,1296,128982.5324074074
"Collaboration
",1296,116708.67592592593
Docker (Software),1294,135160.99072642968
Order Management,1291,122409.83810999226
Negotiation,1289,135111.24515128008
Operating Systems,1282,118672.49063962558
Dataflow,1260,118667.70555555556
"
  Effective Communication",1256,113106.28105095541
"Mathematics
",1255,111842.4749003984
"Information Technology Architecture
",1251,133146.034372502
Statistical Modeling,1237,111125.70412287793
Data Dictionary,1233,113381.80535279805
Waterfall Methodology,1233,136818.3195458232
SAP S/4HANA,1231,121863.4492282697
Process Design,1229,132751.6834825061
Systems Design,1227,122858.19722901385
Predictive Modeling,1227,113559.1140994295
Templates,1222,113637.06219312602
Financial Data,1219,115394.71287940936
"
  Analytical Skills",1219,113228.59474979491
NoSQL,1217,129118.69843878389
General Ledger,1215,120218.21399176955
Cascading Style Sheets (CSS),1206,117196.3175787728
Healthcare Industry Knowledge,1196,114040.84113712375
Warehouse Management Systems,1191,127223.69857262804
New Product Development,1191,119547.48362720403
Data Strategy,1187,127124.33361415332
Atlassian Confluence,1184,115937.43158783784
Safety Assurance,1180,114903.65508474577
Transact-SQL,1174,110665.98126064736
Generative Artificial Intelligence,1171,135811.82835183604
Prototyping,1171,129776.64816396243
Vlookups,1169,96268.15397775877
"Business Administration
",1164,109999.89261168386
"
  SAP Applications
",1163,120706.73774720551
Computer Engineering,1163,129554.03955288048
Database Design,1160,114110.75431034483
"
  Dashboard",1152,114380.26041666667
Development Testing,1150,129150.3147826087
User Experience (UX),1148,118288.43205574913
Unstructured Data,1148,134252.3519163763
Architectural Design,1144,131192.8208041958
"
  Microsoft Excel",1143,102610.8687664042
Advocacy,1142,127367.39667250437
"
  Databricks",1141,123638.80718667836
Invoicing,1141,111259.21735319895
Single Sign-On (SSO),1136,118558.91813380281
Azure Data Factory,1129,120244.08503100088
Business Systems,1127,120753.00798580302
Reconciliation,1116,115368.94265232974
Oracle Databases,1114,120250.73339317774
Information Management,1113,116814.17340521114
Data Entry,1111,97814.92799279928
SAP HANA,1108,120171.78610108304
Inventory Management,1106,120109.47830018082
"JavaScript (Programming Language)
",1104,119597.02717391304
"Quality Assurance
",1100,114950.63454545455
Standard Operating Procedure,1098,110590.36156648451
Statistical Software,1097,101819.97721057429
"Data Security
",1096,117708.3193430657
System Configuration,1093,121705.76761207686
"Accounting
",1086,114877.32596685083
Adaptability,1085,117268.1732718894
Advanced Mathematics,1080,114734.23888888888
Functional Design,1080,130726.94351851851
"PeopleSoft Applications
",1077,131228.32497678738
Financial Statements,1068,116420.58895131086
Microsoft Teams,1067,122832.26241799438
Performance Tuning,1067,120481.90627928772
Relational Database Management Systems,1066,124856.6679174484
"SAP Material Management
",1064,121542.18796992481
QlikView (Data Analytics Software),1064,102256.45864661653
"Verbal Communication Skills
",1059,112012.41926345609
Collibra (Software),1055,124659.91279620853
Web Services,1053,125040.09211775879
SAP SuccessFactors,1050,130348.37809523809
Data Profiling,1038,116330.83044315992
Analytical Thinking,1037,114309.4918032787
"
  Microsoft Azure",1031,129484.94471387003
Collections,1028,141864.6780155642
Excel Macros,1027,108447.47322297955
SAP Material Management,1023,127975.68132942327
Unit Testing,1023,121938.32355816227
Regulatory Compliance,1020,122352.78725490197
Data Validation,1019,108563.50932286556
Data Mapping,1018,118149.09724950884
Technology Strategies,1013,142541.21125370188
Scala (Programming Language),1009,124095.63230921705
Quick Learning,1009,111432.84935579782
Relationship Building,1009,126427.2200198216
Erwin (Data Modeling Software),1005,123411.70547263682
"
  Debugging",1004,117802.55079681275
"
  Reliability",1004,129974.70617529881
Operations Research,1002,118720.76646706587
"Data Visualization
",994,108575.42655935614
Document-Oriented Databases,992,116588.13004032258
Asset Management,990,121498.76363636364
System Testing,989,123125.84732052579
PostgreSQL,987,118271.46301925025
Apache Maven,986,132155.9401622718
"Communication
",982,117695.22912423626
Quality Management,980,120357.5142857143
System Administration,980,122375.08571428571
Database Management,979,108825.72216547497
PySpark,977,119842.73183213921
Cloud Technologies,977,130537.11054247698
"Amazon Web Services
",974,131762.18891170432
Service-Oriented Architecture,965,131227.75647668395
Cloud Computing,965,130531.08393782383
"
  Mathematics",963,108249.2326064382
"
  MuleSoft",960,125200.0
Software Development Life Cycle,951,122839.91587802314
Teradata SQL,950,115232.19157894737
"
  Gap Analysis",948,134714.6540084388
Consolidation,945,125048.52804232805
Business To Business,944,123455.60699152542
"Computer Literacy
",941,102135.77151965993
Google Analytics,929,111985.04628632938
Data Transformation,926,129355.83153347732
C++ (Programming Language),925,128772.8227027027
Creativity,923,121621.56338028169
Human Capital,922,143566.73752711498
User Requirements Documents,914,116670.01641137856
MySQL,907,114076.86108048512
Integration Testing,904,124267.0110619469
Financial Analysis,904,110494.11946902655
"
  Order Management Systems",903,122900.29900332226
Predictive Analytics,901,116492.10432852386
Willingness To Learn,900,109705.71
Applications Architecture,899,139409.24360400444
"
  Procurement",898,122047.42650334076
Stored Procedure,896,112929.12946428571
React.js (Javascript Library),895,132733.2659217877
SAP EWM,892,134537.0807174888
"
  Infrastructure As A Service (IaaS)",892,134564.07959641254
"SAP Configuration
",892,122573.93161434977
Strong Work Ethic,891,110967.69809203142
Statistical Methods,890,111621.82134831461
R (Programming Language),889,109946.89088863893
Intellectual Curiosity,887,116113.44870349493
"
  Microsoft Office",886,101150.4051918736
Stakeholder Management,886,128252.25620767495
Usability,882,120491.90929705216
Investments,880,124510.69545454545
"
  SQL (Programming Language)",879,108541.89874857794
"
  Oracle E-Business Suite",878,122608.48291571754
Information Privacy,875,123520.70971428571
Call Center Experience,874,108506.79519450801
Ad Hoc Analysis,862,109024.43503480278
Talent Management,857,125997.96849474912
Apache Hive,856,119605.10747663552
Microsoft Power Automate,854,110353.90632318502
SAP Business Suite,854,118982.28922716627
Electronic Data Interchange,853,114342.64126611958
IBM DB2,851,118738.63337250294
"
  Prioritization",847,115757.59149940968
IT Service Management,842,118432.50237529691
Terraform,839,133242.74374255067
"
  Oracle Cloud
",835,127134.41437125749
On Prem,834,136274.17865707434
Oracle SQL Developer,830,116130.52530120482
"Risk Management
",830,115836.87590361446
Microsoft Power Platform,829,113319.89264173704
Triage,828,143290.1231884058
"
  Microsoft Word",826,104390.59564164649
MicroStrategy,825,113781.34545454546
Full Life Cycle Implementation,819,130595.115995116
"
  Microsoft Office
",815,103251.83190184049
Tooling,815,127731.38282208588
"Leadership
",815,128671.17791411043
Digital Transformation,814,132473.24201474202
"
  ServiceNow",812,119508.53078817733
Management Consulting,812,123495.4408866995
Azure DevOps,809,119845.57725587145
Business Architecture,809,145625.17058096416
"
  NoSQL",804,126096.92288557214
Investigation,804,107419.53233830846
Team Leadership,797,132380.68381430363
Kronos (Timekeeping Software),796,114521.1972361809
Analytic Applications,796,111731.05150753769
"Team Leadership
",792,124158.4558080808
Program Management,792,116809.7196969697
Complex Problem Solving,782,116520.79539641943
Software Documentation,781,114233.36491677337
"
  Programming Languages",779,116249.67265725289
Pharmaceuticals,779,123581.92939666238
Strategic Thinking,777,119011.5945945946
Data Lineage,776,119583.03608247422
SAP Security,774,120054.27519379844
Cloud Applications,773,129474.99094437258
Software Design Patterns,773,140001.6106080207
Business Case,767,130329.78487614081
Change Requests,764,117314.25261780104
"SAP Business Suite
",762,120780.37664041994
Azure Synapse Analytics,760,119746.80526315789
Business Software,760,119057.24342105263
Cloud Computing Architecture,756,135690.38095238095
Financial Management,755,118684.62119205297
Google Workspace,754,114191.55437665782
"Oracle Fusion Middleware
",754,118912.92042440319
Production Planning,752,123589.09042553192
Security Requirements Analysis,749,121285.06408544726
Proactivity,748,112321.86631016043
Jenkins,744,125573.98655913978
"Google Cloud Platform (GCP)
",744,132462.06720430107
Fixed Asset,744,119713.57661290323
ArcGIS (GIS Software),742,107101.13746630728
"Auditing
",742,119729.89083557951
Training And Development,742,133789.7115902965
Procure-To-Pay (PTP),737,135930.28358208956
"
  Application Programming Interface (API)",736,125172.35054347826
Relationship Management,735,117504.15510204082
Business Process Reengineering,733,115010.24693042292
Apache Airflow,727,127093.11691884456
Microsoft Project,726,114027.26170798898
SAP Production Planning,726,135891.59641873278
Market Trend,726,122583.71900826447
Health Insurance Portability And Accountability Act (HIPAA) Compliance,726,120908.84297520661
Warehouse Management,723,120580.40110650069
Domain Knowledge,721,125288.12760055478
SAP Basis,719,118760.68150208623
IT Security Architecture,718,127512.11838440111
"
  Software Systems",717,116863.47977684798
Business Objects Framework,713,112248.6732117812
C (Programming Language),712,120744.76404494382
"Programming Tools
",706,122802.03966005666
User Story,706,118832.12039660057
Node.js (Javascript Library),705,137309.7205673759
"SAP Production Planning
",705,135593.56879432625
Customer Data Management,704,112083.15056818182
Adobe Analytics,702,118054.94586894587
Office Equipment,702,109600.2094017094
Banking,701,127171.60057061342
Organizational Strategy,700,109839.07285714286
Oracle Hyperion Financial Management,699,152852.08297567954
"
  Auditing",695,104589.71654676259
Corporate Finance,693,114197.1038961039
Portfolio Management,693,131913.20923520924
"Oracle Human Capital Management (HCM)
",692,128693.29046242774
Database Administration,691,117121.36758321273
Scenario Testing,688,120333.55959302325
Amazon S3,687,127590.34206695779
Business Planning,686,120176.92419825072
Database Systems,684,106121.40643274854
Sales Prospecting,682,121049.53812316715
Systems Engineering,682,129017.58944281525
Operational Excellence,680,125045.76323529411
Version Control,675,119266.0488888889
Knowledge Transfer,675,121971.22518518519
PeopleSoft Applications,674,118797.67359050445
Customer Support,674,103802.94510385756
Resilience,672,124202.66815476191
Data Infrastructure,670,148513.0776119403
"Power BI
",667,109296.84857571214
Pandas (Python Package),666,120099.75975975976
Active Directory,664,116340.19126506025
"Willingness To Learn
",664,110270.24397590362
Workforce Management,662,114060.72054380664
Risk Mitigation,662,121605.43806646526
Vulnerability,658,119732.48024316109
Quantitative Analysis,657,112017.52663622527
Technology Roadmaps,654,137573.46788990826
Governance Risk Management And Compliance,654,119806.90672782874
Cash Management,653,126209.53139356815
"
  SAP Sales And Distribution",652,120293.8190184049
"Curiosity
",652,115248.83128834356
Cost Management,651,131340.910906298
Geographic Information Systems,650,114950.94923076923
System Implementation,650,130578.05076923077
Project Scoping,647,118442.17310664606
"Team Oriented
",647,114300.7202472952
Collaborative Software,645,117870.42635658915
Data Security,644,119868.31677018634
Business Continuity Planning,643,127987.77916018662
"Detail Oriented
",642,109502.13707165109
Selling Techniques,640,131854.9296875
Web Applications,637,135191.76138147566
Calculations,636,125986.1965408805
Query Languages,632,111798.84968354431
Metadata Management,631,123142.81933438986
Domo,630,106790.36984126984
Advising,630,129520.00793650794
Netsuite,629,124178.06200317966
Data Analysis Expressions (DAX),629,110210.56756756757
Resource Management,628,128948.81369426752
Sarbanes-Oxley Act (SOX) Compliance,627,122139.41626794258
"Hybris
",626,130290.47603833866
Word Processing,625,103600.5184
Identity And Access Management,624,125035.28525641025
Application Security,623,125264.91011235955
"Software Development Life Cycle
",623,123690.32905296951
Software Systems,622,119414.38263665595
Product Knowledge,621,116862.19323671497
Performance Improvement,618,119936.74110032362
Positivity,618,112767.8495145631
Business Transformation,617,128637.10696920584
"
  Apache Hadoop",616,118665.08279220779
Performance Reporting,616,111479.09577922078
Debugging,615,117948.87642276422
"
  Communication
",615,114598.47154471544
Market Research,614,107201.46416938111
Change Control,612,119745.41176470589
Financial Modeling,609,122954.52216748768
"
  Curiosity",608,111768.29769736843
"Peer-To-Peer
",605,124386.92396694215
"End-User Training And Support
",602,114283.79568106313
"Security Policies
",602,115791.9219269103
Business Process Modeling,601,123023.17803660566
Programming Tools,599,116523.1101836394
Access Controls,598,117724.97157190635
Internal Controls,596,116730.51510067114
MATLAB,595,114374.88235294117
Customer Success Management,595,129277.93781512605
Data Conversion,593,118810.2563237774
"
  Leadership",593,124096.33558178753
"
  Stata",592,98201.19932432432
Financial Accounting,592,118188.76013513513
"Decision Making
",592,119045.35135135135
Supply Chain Planning,590,123746.43389830508
Oracle Hyperion,589,143427.67741935485
"
  Business Systems",588,117723.03401360544
Angular (Web Framework),587,123141.50085178876
Data Storage,587,119309.46848381602
IT Infrastructure,587,123458.56047700171
SAP BusinessObjects,586,126744.95392491468
"
  Management
",586,112892.6109215017
Internal Auditing,585,114351.46324786324
"Information Privacy
",584,118172.47089041096
Authentications,582,121202.46391752578
Value Propositions,581,125219.43373493975
Continuous Integration,578,129667.69377162629
"
  Influencing Skills",577,156240.82149046793
Shell Script,575,130635.44695652174
"Scalability
",574,126025.84843205575
Financial Planning,572,132860.4458041958
Proposal Development,566,151754.1961130742
Demonstration Skills,566,126484.87809187279
Microsoft Visual Studio,565,112403.0831858407
Service-Level Agreement,565,116033.8
"
  Consulting
",565,134141.4796460177
Effective Communication,562,115196.34519572953
Medicaid,562,96584.96441281139
Operations Management,557,113683.52064631956
"
  Cloud Computing",557,122459.6355475763
Business Systems Analysis,556,117510.97841726619
"
  MySQL",553,119555.96925858951
Empathy,550,114221.9490909091
SQL Server Analysis Services,548,111353.68248175182
Mergers And Acquisitions,548,120400.7098540146
"Coordinating
",548,115645.07846715329
Trend Analysis,546,112449.32417582418
Windows PowerShell,544,115443.13235294117
"
  Advanced Business Application Programming (ABAP)",544,120266.04779411765
Visual Basic (Programming Language),544,110149.33272058824
"Program Management
",544,121467.70772058824
Business Process Improvement,543,114400.394106814
Information Gathering,543,110195.84714548803
Microsoft Office 365,540,110365.05555555556
Financial Systems,540,118235.71111111112
OneStream (CPM Software),539,119119.62708719852
Meeting Facilitation,536,115695.85634328358
Materials Management,536,118551.32089552238
OAuth,535,125241.9738317757
Product Software Implementation Method,535,115057.08037383178
DoDAF,534,130900.02621722847
Microsoft 365,534,118937.47940074907
Organizational Leadership,533,119693.26454033771
Organizational Change Management,532,122157.72932330827
Managed Care,529,91389.36105860113
Process Optimization,528,114332.44696969698
Anaplan,527,125396.74193548386
Code Review,527,125880.37950664137
Product Lifecycle Management,527,119598.57305502846
"
  Interpersonal Communications",525,119074.30095238096
Medical Records,524,102632.36450381679
Bash (Scripting Language),523,122612.51625239005
Java Platform Enterprise Edition (J2EE),523,122435.74187380497
Management Reporting,523,115038.70363288719
IT Security,522,118692.1264367816
Analytical Techniques,522,112302.12260536398
MongoDB,521,127340.80806142035
Digital Subscriber Line,519,113449.7591522158
SAP Supply Chain Management (SCM),515,153382.16699029127
BigQuery,514,119602.13424124513
Team Building,514,122332.78404669261
Textiles,513,129994.78752436647
Interoperability,513,126059.28265107212
Business Process Analysis,512,118380.802734375
"
  Data Modeling",512,115408.041015625
"Data Entry
",512,86011.46484375
Business Continuity,511,125291.16438356164
Integrated Business Planning,508,123362.61614173229
Benchmarking,507,125907.64299802762
Medicare,507,101004.47140039448
Self-Awareness,504,124893.21428571429
"
  Dashboard
",503,106914.1073558648
Azure Data Lake,501,116444.45508982036
"Presentations
",500,115960.9
Spring Boot,498,123357.1686746988
Analytical Dashboard,498,110667.81526104418
Service Level,497,112122.02615694165
Demand Planning,497,128417.30181086519
Azure Databricks,495,119977.14747474747
"Operating Systems
",495,114637.47272727273
"Customer Service
",495,112700.16161616161
Structured Query Language Procedural Language (SQL PL),493,115886.67748478701
Vendor Management,492,124886.62804878049
Feasibility Studies,492,122070.67276422764
Technical Writing,491,117582.45213849287
"
  Wireless Communications",491,115633.01018329938
"Middleware
",489,124206.89775051124
Milestones (Project Management),489,118555.05112474438
"
  Healthcare Industry Knowledge",488,117693.67008196721
Expectation Management,488,132722.0143442623
Enterprise Performance Management (EPM),487,129314.30595482547
"Team Performance Management
",486,113509.57613168724
Test Automation,485,120963.18144329896
Reengineering,484,125142.86776859504
DevSecOps,482,139596.8091286307
Strategic Roadmaps,478,134397.85355648535
Business Intelligence Reporting,476,109140.24159663866
Spring Framework,475,128160.32210526316
SAP Governance Risk And Compliance Analytics Software,475,120895.40210526316
Simple Object Access Protocol (SOAP),475,127237.49263157895
Material Requirements Planning,475,119276.67789473684
SAP NetWeaver Business Warehouse,473,119905.64482029599
Revenue Cycle Management,473,114356.51797040169
Cloud-Native Computing,473,145543.35095137422
Ansible,472,137486.20127118644
Business Process Automation,472,124506.08898305085
Data Access,472,115724.96610169491
Splunk,471,129633.37579617834
Informatics,471,106804.06581740976
Typing,471,103565.3949044586
"Enterprise Application Software
",470,133294.33404255318
Mitigation,469,128450.60554371001
Resource Allocation,469,133261.24946695095
Test Data,469,121632.4776119403
Go (Programming Language),468,125539.2094017094
Transaction Data,468,112892.92094017094
"New Product Development
",467,121483.19700214133
HTML5,465,117340.95483870967
Reference Data,463,115356.23326133909
Lean Six Sigma,462,121477.28138528139
User Interface (UI),461,119594.95878524946
"Balancing (Ledger/Billing)
",461,119022.9284164859
Business Requirements Documentation,460,115447.73913043478
Product Roadmaps,459,132833.93681917212
Design Thinking,459,134435.01525054467
End-User Training And Support,458,115691.63755458515
"
  Proactivity",458,111958.29694323144
Statistical Packages,457,110664.68271334792
"
  Milestones (Project Management)",457,116053.25164113786
"Customer Relationship Management
",457,131679.8271334792
Resourcefulness,457,109891.50547045952
"Dashboard
",450,104818.69333333333
Information Technology Operations,450,118695.52444444444
"
  User Experience (UX) Design",450,115170.7311111111
SAP Ariba,449,122118.76391982182
Balancing (Ledger/Billing),449,125989.1692650334
SAP Implementation,449,125160.9977728285
Electronic Medical Record,449,108630.7995545657
Reference Architecture,448,128998.04464285714
IDoc (Intermediate Document),447,122278.92841163311
SAP FI,446,120411.67040358744
"
  SQL (Programming Language)
",446,112818.04932735427
Crystal Reports (Reporting Software),446,103169.83183856502
"Document-Oriented Databases
",445,118869.48539325842
"SAP FI/CO
",444,122654.17117117117
Creative Thinking,444,112958.3490990991
"Microsoft Visio
",443,127624.83972911965
Data Acquisition,442,111017.21493212669
Public Health,442,102746.10633484164
Public Cloud,442,146755.2669683258
Technology Ecosystems,442,142722.46153846153
Solution Delivery,442,136752.81674208146
"
  User Story",441,115446.22902494331
"
  C (Programming Language)",440,128306.54545454546
Configuration Management,440,121559.11818181818
"
  Agile Methodology",439,117380.49658314351
Data Store,437,121588.647597254
"Teradata SQL
",436,113327.10091743119
Internet Of Things (IoT),436,135512.82110091744
"
  Invoicing",436,118445.9243119266
Exploratory Data Analysis,435,112680.09885057471
Security Controls,435,116136.97701149425
"
  Continuous Improvement Process",434,117328.56451612903
Patience,434,113952.76958525345
"Financial Services
",432,116833.97916666667
Quality Improvement,431,105750.20881670533
Telecommunications,431,118512.78886310905
"
  Azure DevOps",430,117728.82325581396
Underwriting,430,112530.7023255814
Marketing Analytics,429,119734.2261072261
"Security Assertion Markup Language (SAML)
",428,129031.81775700934
"
  Statistical Software",428,106314.71261682243
Utilization Management,428,108193.80373831776
Engineering Design Process,426,120324.00938967137
Object-Oriented Programming (OOP),426,120379.57276995305
"Surveys
",424,98265.46933962264
"Disaster Recovery
",423,134323.6477541371
Oil and Gas,423,119988.0780141844
Diplomacy,422,124009.47156398105
Supply Chain Software,420,122375.7119047619
Contract Review,420,148097.95952380952
MapReduce,419,168222.21479713602
Supply Chain Acumen,419,138593.3890214797
Filing,419,99472.76849642005
"
  SAP Fiori",418,120957.28229665072
Release Management,418,124324.61004784689
External Auditing,418,112661.35885167464
Front End (Software Engineering),418,123745.90669856459
"
  Financial Statements",418,113948.74880382775
SAP Concur (Travel And Invoice Software),417,121219.72182254196
Editing,417,102687.40527577938
Process Flow Diagrams,416,117805.36778846153
Equities,415,116223.96144578313
Star Schema,415,122010.58313253013
Netezza,413,113326.92493946731
Go-to-Market Strategy,413,133903.3268765133
Development Environment,412,114837.35436893204
Financial Consolidations,411,129805.8905109489
"Business Strategies
",411,117063.34306569344
"
  Data Analysis",411,105611.42822384428
Project Documentation,410,114118.49756097561
Application Lifecycle Management,409,139495.0586797066
Hardware Description Language (HDL),408,119596.69362745098
Encryption,408,122997.11519607843
Bitbucket,407,120156.46683046683
Synapse Citrix,407,125087.0515970516
Lifting Ability,407,101703.08845208846
Physics,406,116963.5763546798
Spotfire (Data Analytics Software),405,117240.94320987654
"System Requirements
",404,121292.40346534654
"
  Functional Requirement",403,116263.76674937965
Alation Data Catalog,402,127434.28358208956
Infor Software,402,115154.815920398
Oracle Hyperion Planning,400,132801.7
"Self-Motivation
",400,109324.255
SAP NetWeaver,399,122150.57142857143
"
  BRFplus",399,119931.33082706766
Operational Performance Management,399,108540.14786967418
Refining,399,110260.99749373434
"Self-Discipline
",399,112856.50125313284
Firewall,398,120868.25125628141
Windows Servers,398,115789.06532663316
E-Commerce,398,126548.52763819095
Real Estate,398,133708.79899497487
Developing Training Materials,397,113445.12594458439
Cross-Functional Collaboration,397,124220.56423173804
Online Analytical Processing,397,119438.22166246851
Administrative Functions,397,96349.56171284635
Microsoft Dynamics 365,396,116122.101010101
Business Economics,396,112443.65909090909
Creative Problem Solving,396,110835.52777777778
Oracle Business Intelligence (BI) / OBIA,395,115409.30126582278
Google Sheets,395,107967.16202531646
Qlik Sense (Data Analytics Software),394,114994.56091370559
"
  Six Sigma Methodology",394,116408.46700507615
TensorFlow,392,127112.14285714286
"
  Microsoft Outlook",392,104310.73724489796
"
  Spreadsheets",392,101251.75765306123
Database Application,391,105080.0179028133
Account Reconciliation,391,133954.27621483375
"SAP ERP
",390,120733.2
General Data Protection Regulation (GDPR),389,119455.86375321337
"
  Governance",389,127387.74035989717
CPT Coding,388,100274.9587628866
Social Sciences,388,97495.05670103093
Data Discovery,387,115167.82428940569
Customer Engagement,385,115091.5974025974
"Data Governance
",384,115798.11979166667
"
  SQL Server Integration Services (SSIS)",383,112297.227154047
Coupa (Spend Management Software),383,119882.56919060052
"
  Office Equipment",383,108825.60835509139
"
  Microsoft Excel
",381,98096.17322834645
Perl (Programming Language),380,127780.60789473684
Descriptive Analytics,380,113084.82105263158
Design Specifications,380,118578.37368421053
"SAS (Software)
",379,106966.84432717678
Issue Management,378,121162.68783068784
Software Architecture,378,146955.43386243386
Data Wrangling,378,112856.14021164022
Design Elements And Principles,376,122381.27393617021
Enterprise Application Integration,375,127086.85333333333
Record to Report (R2R),374,136453.63368983957
DataOps,372,104996.76075268818
"Anaplan
",371,123066.30188679245
Cloud Security,371,138858.56603773584
Control Objectives For Information And Related Technology (COBIT),370,125250.7054054054
Amazon Elastic Compute Cloud,370,134325.5891891892
Product Strategy,370,133951.4891891892
Security Policies,370,113540.32432432432
JQuery,369,118978.17073170732
Technical Analysis,369,118112.42818428185
"Process Improvement
",369,106368.82655826559
"Amazon S3
",368,122367.42663043478
Business Technologies,368,127934.67391304347
Decision Support Systems,368,123442.02445652174
Blueprinting,367,122078.37329700272
Quantitative Data Analysis,366,107322.03005464481
Knowledge Management,366,126037.9344262295
"Windows PowerShell
",365,116056.82739726028
Incident Management,365,115366.74246575343
Taxonomy,365,134303.33150684932
Process Mapping,365,119232.29315068493
Bank Secrecy Act,363,108029.81267217631
Data Ingestion,363,118290.54820936639
Packaging And Labeling,363,116305.38292011019
SAP Fiori,362,119431.06077348067
"
  Unified Modeling Language",360,129998.0611111111
Managed Services,360,142298.91666666666
Functional Testing,359,117192.76323119776
Administrative Support,359,96922.51810584958
Energetic,359,111987.12256267409
Revenue Recognition,358,126565.61731843576
Emotional Intelligence,358,117699.3938547486
Cloud-Native Architecture,357,140493.1988795518
Microwaves,357,118723.12885154062
"
  Self-Motivation",357,110356.65826330532
"
  Pivot Tables And Charts",356,112729.17696629213
Research Methodologies,355,100060.67042253522
A/B Testing,355,120578.97464788733
Population Health,354,110434.7231638418
Streamlining,354,123356.95197740113
Virtualization,354,140245.7966101695
Bill Of Materials,354,117838.79096045198
Client Services,353,129252.33144475921
Incident Response,352,116286.73295454546
Product Engineering,352,136745.08238636365
External Reporting,352,98176.77556818182
"
  Collections",352,115944.97159090909
Human Capital Management (HCM),350,122880.24857142857
"
  Digitization",350,129594.98857142858
"Strategic Planning
",350,122189.42285714285
"
  Relationship Building",349,118612.34383954154
"Oracle E-Business Suite
",348,120154.28735632185
Help Desk Support,348,100615.21551724138
Conflict Resolution,348,129807.95689655172
ASC X12 Standards,347,114598.8097982709
Containerization,347,134919.59365994236
Sales Support,346,119184.12138728323
"
  Atlassian Confluence",345,109334.45507246377
Shiny (R Package),344,112626.71220930232
Epidemiology,344,103824.73837209302
"Architectural Design
",343,136292.16326530612
Financial Close,343,135468.56268221574
Sales Proposals,343,173729.99125364432
"
  Innovation",343,111336.22448979592
Data Recording,342,172025.59356725146
"Public Service
",342,143424.18713450292
Talend,341,122454.04692082111
Aurora (Operating System),341,127971.19354838709
Rapport Building,341,111731.41348973606
Project Portfolio Management,340,137817.65588235293
Quantitative Research,340,105188.19117647059
"
  Coaching",340,139692.20882352942
Microsoft Dynamics,339,114291.99410029498
Cloud Infrastructure,339,131618.4867256637
Cost Benefit Analysis,339,123376.85545722714
"Artificial Intelligence
",339,131707.4867256637
"Data Integrity
",339,108115.12979351032
Database Storage Structures,338,112060.20118343196
Statistical Programming,338,108801.50887573964
"Risk Appetite
",338,117972.59467455621
Performance Measurement,338,112298.62426035503
MLOps (Machine Learning Operations),337,126897.59050445104
Virtual Teams,337,124682.72106824926
Network Security,335,124370.36119402986
UiPath (RPA Software),333,122511.84984984985
Technical Standard,333,122346.68768768769
Enterprise Security,333,121939.2972972973
"Organizational Skills
",333,108944.72072072072
Tactfulness,333,103173.13813813814
Team Oriented,329,135262.88753799393
Oracle Payroll,328,113741.78353658537
"
  Finance",328,115935.43902439025
Agile Software Development,328,123427.4237804878
Regulatory Requirements,327,134479.73394495412
Loans,327,107333.72171253823
Data Management Platforms,326,118298.34355828221
Hybrid Cloud Computing,326,134190.42024539877
Contract Management,326,108676.84662576688
"
  OneStream (CPM Software)",325,123450.10153846155
Network Routing,325,116733.73846153847
Policy Development,324,114334.70987654322
"
  Object-Oriented Programming (OOP)",324,181190.12962962964
"
  Merchandising",324,116689.66049382716
Configuration Management Databases,323,120495.68421052632
"
  Vendor Relationship Management",323,122362.48606811145
Generally Accepted Accounting Principles,322,120174.14596273292
Strategic Prioritization,322,129032.18633540372
.NET Framework,321,116493.6261682243
Scikit-Learn (Python Package),321,128563.17133956387
Digital Marketing,321,112786.06230529596
SAP CRM,320,129802.24375
Stakeholder Communications,320,138757.0
Peer Review,319,117095.47021943574
"
  Lifecycle Management",319,129667.60815047022
Disaster Recovery,319,125149.05956112852
Clerical Works,318,90925.8427672956
"
  Extensible Markup Language (XML)",316,116554.1170886076
"Relationship Management
",316,135685.3829113924
Data Flow Diagram,314,115152.1178343949
Application Portfolio Management,314,151103.65923566878
"Teaching
",314,106702.29617834395
"Information Gathering
",314,113592.30891719746
Technical Training,313,109769.14696485623
Event-Driven Programming,312,144928.16987179487
Consumer Behaviour,312,112563.60576923077
Technical Debt,312,141532.4935897436
"Influencing Skills
",312,128134.28846153847
Account Management,311,113924.71704180064
Powerapps,310,115398.04193548387
Service Management,310,133605.35483870967
"Process Mapping
",309,115329.20064724919
IT Governance,307,121362.57003257329
Talent Recruitment,307,127443.06188925082
Human Resources Information System (HRIS),306,114152.49019607843
Observability,306,141503.55555555556
SQL Server Management Studio,305,108072.00327868853
"
  Troubleshooting (Problem Solving)
",305,115052.97049180328
Project Management Software,304,117193.88157894737
Machine Learning Algorithms,304,114497.24013157895
Medical Devices,304,127962.4375
"Knowledge Transfer
",304,119175.05592105263
Apple IOS,303,121089.67656765676
Applied Mathematics,303,112226.22772277228
Process Management,301,114530.43189368771
AWS CloudFormation,300,130290.96
Workflow Automation,300,114521.01333333334
Regression Testing,300,117360.29
Technical Acumen,300,108834.34666666666
System Support,299,115841.51839464883
Legacy System Migration Workbench,298,119216.92953020135
Business Priorities,298,123079.43288590603
Statistical Hypothesis Testing,298,111627.1711409396
Schema Markup,297,113062.27946127947
Process Modeling,297,115148.26262626263
Systems Development,297,121470.60269360269
Life Sciences,297,132659.74747474748
"Strategic Thinking
",297,127218.2760942761
"
  SAP EWM",296,128613.60135135135
Wealth Management,295,128404.45762711864
Process Analysis,295,114121.67796610169
Profit And Loss (P&L) Management,295,123351.04745762712
Organizational Structure,293,119249.21843003413
Sales Operations,292,116785.43150684932
Data Storytelling,292,112268.94863013699
Enthusiasm,292,106123.12671232877
Robotic Process Automation,291,129957.72164948453
"
  SAP HANA",290,120366.25862068965
"
  Electronic Medical Record",290,108616.21379310345
"
  Enthusiasm",290,113372.09310344828
"
  SAP SuccessFactors",289,133101.17647058822
Full Stack Development,289,158192.2525951557
"
  Writing",289,121578.47750865053
Cooperation,289,112571.95155709343
Project Stakeholders,288,114168.97916666667
"JSON
",287,121202.08710801393
Return On Investment,287,124655.64111498257
"Governance
",287,120273.05574912892
Internal Reporting,286,106204.23076923077
Data Control,285,126607.96842105263
Field Service Management,285,138636.07368421054
PyTorch (Machine Learning Library),284,129222.78873239437
Role-Based Access Control (RBAC),284,117514.42957746479
Lifecycle Management,283,123570.11660777385
"
  Safety Assurance",283,115381.9187279152
"SAP Security
",282,123038.95390070922
Infrastructure as Code (IaC),282,132960.10992907803
Backup Devices,282,120463.18794326241
Public Administration,281,106369.61209964413
Team Management,281,130382.61565836299
"Relational Database Management Systems
",280,119923.55
Export Control,280,121409.81428571428
Architecture Framework,280,130810.88571428572
Pricing Strategies,280,152772.74642857144
Dell Boomi (Integration Platform),279,126060.98566308244
Durable Goods,279,115024.0
Natural Language Processing (NLP),279,121100.72401433691
"
  Data Reporting",279,109551.62365591398
SAP NetWeaver Data Management,278,120052.58273381295
Unix Shell,278,120946.99280575539
Transportation Management Systems,278,119824.24100719424
Employee Onboarding,278,120694.22661870504
Subcontracting,278,114091.35251798561
"Business Development
",278,126477.18705035972
Data Domain,277,125498.31407942239
"Report Writing
",277,108504.04332129964
SQL Azure,275,117507.25818181818
"
  Mitigation",275,129001.52
Application Performance Management,275,132032.14545454545
Active Listening,275,114455.24363636364
Self-Discipline,275,111011.98909090909
Manufacturing Execution System (MES),274,121622.04744525548
Transportation Management,274,122923.06204379562
"Version Control
",274,114021.49270072993
"Lean Manufacturing
",273,117629.16117216117
"Extract Transform Load (ETL)
",273,118307.5750915751
"
  Analytic Applications",272,97040.50367647059
Outliers,272,106942.43014705883
Hadoop Distributed File System (HDFS),271,135748.14022140222
"
  SAP Warehouse Management",271,119533.46863468635
Oracle Forms,271,115790.9483394834
"
  Profit Center Accounting",270,119197.53333333334
Apache Cassandra,269,135718.35687732341
Cross-Functional Team Leadership,269,133886.9591078067
Dimensional Modeling,269,115052.65799256506
Revenue Management,269,131852.90706319702
Fundraising,269,107677.13011152417
Higher Education,269,112435.47583643123
"
  Workday (Software)",268,116093.10074626865
"
  Operating Systems",268,110391.53358208956
Wholesaling,268,121781.10820895522
"
  Data Science",268,113746.80597014926
"
  Statistics",268,110921.39179104478
Operational Databases,267,116283.64794007491
NumPy (Python Package),266,116401.18421052632
Cloud Migration,266,132010.1917293233
Market Data,266,120417.56390977444
Financial Forecasting,266,119794.7067669173
"Resilience
",266,127452.58646616542
"
  SAP FI/CO",265,118861.65660377359
"
  Data Analysis
",265,110354.96226415095
AWS Glue,264,128928.56818181818
"Information Technology Infrastructure Library
",264,118094.76515151515
"
  Application Data",264,130943.88257575757
"Business Intelligence
",263,113784.73003802281
Open Data Protocol (OData),263,120918.57034220532
IBM WebSphere MQ,262,120364.86259541985
IBM Cloud Computing,262,117371.40458015267
Network Infrastructure,262,140694.46183206106
Logistics,262,111463.74045801527
Problem Management,261,119029.46360153257
Data Definition Language,261,114724.37164750957
Agile Project Management,260,115664.93846153846
Project Management Institute (PMI) Methodology,260,120224.48846153847
"
  Oracle Human Capital Management (HCM)
",259,136139.7413127413
Web Analytics,259,114484.03088803089
Performance Appraisal,259,124912.12355212355
Digital Technology,259,121074.9305019305
"Value Propositions
",259,130765.8918918919
Memos,259,109838.5057915058
AWS SageMaker,258,122304.56589147287
Nursing,258,104414.32170542635
IT Capacity Management,258,133092.26744186046
Settlement,258,117288.3449612403
Azure Functions,257,117674.58365758754
Data Compilation,257,104983.84824902724
"
  Operations
",257,116479.56809338521
PHP (Scripting Language),256,121686.6171875
Oracle Business Intelligence Enterprise Edition,256,118135.8203125
Jupyter,256,116412.375
Technical Services,256,124112.3515625
Biology,256,104495.7421875
"Relationship Building
",256,129337.10546875
Performance Testing,255,123728.21960784314
Data Retrieval,255,110625.52549019607
Ansi Sql,254,123553.73228346456
"Business Software
",254,121101.48818897638
Mortgage Loans,254,108545.12204724409
z/OS,253,119637.65217391304
"
  Collibra (Software)",252,118856.13492063493
Data Synthesis,252,112808.58730158731
Database Queries,252,106718.17857142857
"Industrial Engineering
",252,125495.60317460318
Fortinet,251,120941.81673306772
Architectural Leadership,251,126994.593625498
Process Engineering,251,125038.50996015937
Software Testing,251,116957.8406374502
Data Literacy,251,114797.26693227091
Ideation,251,134913.09561752988
Hybris,250,127069.608
Amazon DynamoDB,250,127505.8
ASP.NET,250,119168.488
Strategic Partnership,250,129073.572
Resource Planning,250,118700.952
"
  SAP ERP",249,122639.23694779117
"Critical Thinking
",249,117702.00803212852
"
  Microsoft Dynamics CRM",248,114030.29032258065
SAP Best Practices,247,123499.87044534413
Private Cloud,247,146720.96761133603
API Management,246,135059.0569105691
Data Capture,246,118658.3861788618
Deep Learning,246,124324.78861788618
Student Information Systems,245,93165.59591836734
Quantitative Modeling,245,98993.54285714286
SQL Server Oracle,244,116005.72131147541
"
  SAP BusinessObjects",243,118080.30041152264
Matplotlib (Python Package),243,114058.48559670782
Oracle Essbase,242,117220.06611570247
Asynchronous Javascript and XML (AJAX),242,121917.76033057852
"
  Technical Writing",242,133500.40082644628
Dealing With Ambiguity,242,128149.13636363637
Securities (Finance),241,121338.64315352697
Electrical Engineering,241,129446.73029045643
Organizational Performance,241,114622.12033195021
"Business Technologies
",241,144460.35684647303
"
  Quality Control",241,105319.61410788381
"Multitasking
",241,106425.17012448133
Eclipse (Software),240,121539.20833333333
"Business Process Modeling
",240,117044.40833333334
Progress Reporting,240,119741.25833333333
Manufacturing Processes,239,116985.85774058578
"
  Data Validation",239,107672.0209205021
Local Area Networks,239,122723.85774058578
"Natural Sciences
",239,121859.21338912135
Redis,238,143975.27731092437
Human Services,238,106936.35294117648
"
  Business Analytics",238,109291.59663865546
Pre-Sales Engineering,237,137852.83544303797
Cluster Analysis,236,117593.40677966102
Constructive Feedback,236,105378.63983050847
Outsourcing,235,163885.39574468086
Health Informatics,235,101552.38723404256
Unified Modeling Language,234,132397.09829059828
"
  Performance Analysis",234,116072.23076923077
Data Consistency,234,121243.39316239316
Balance Sheet,234,117313.61111111111
Anti Money Laundering,234,120033.32905982906
People Management,234,138845.05555555556
"SAP Knowledge Warehouse
",233,137897.48497854077
Mobile Application Development,233,131699.08583690986
Risk Management Framework,233,121985.72532188841
"Database Systems
",232,102604.68534482758
"PL/SQL
",232,116666.1551724138
Red Hat Enterprise Linux,232,135272.24568965516
People Analytics,232,110588.96120689655
Biostatistics,232,106503.41810344828
Multi-Cloud,232,140614.21120689655
Persuasive Communication,232,124175.98706896552
"Microsoft Power Automate
",231,108121.41991341992
Elasticsearch,231,136626.9393939394
Database Tuning,231,128593.09523809524
System Requirements,231,124670.83982683983
Internet Services,231,125162.0432900433
Total Cost Of Ownership,231,131494.45887445888
"
  Operations",231,116627.76623376623
Stakeholder Engagement,230,121858.90869565218
Scalability Design,230,135482.98260869566
Query Optimization,229,128447.07423580786
Restructuring (Business),229,128961.21397379912
System Monitoring,229,114035.32751091704
Cyber Threat Intelligence,229,128378.6768558952
Record Keeping,229,98634.31441048035
"
  Ability To Meet Deadlines",229,126999.94759825327
Visualforce,228,131263.7105263158
Application Configuration Access Protocols,228,117002.39035087719
Data Curation,228,118301.36403508772
Claims Processing,228,111601.71929824562
Database Software,227,101071.53303964758
Amazon CloudWatch,227,140166.53744493393
ISO/IEC 27001,227,122336.78854625551
IBM Cognos Business Intelligence,226,111736.06194690266
Apache Tomcat,226,120551.18584070797
Project Coordination,226,111977.60619469026
System Integration Testing,226,121229.26991150442
Research Design,226,109163.76991150442
Data Quality Assessment,226,110745.5575221239
Requirements Management,226,119150.36725663717
Due Diligence,226,118686.67256637168
"
  Software Design",226,126504.25221238939
SnapLogic,225,129448.33777777778
SAP Solution Manager,225,118226.56888888888
Data Import/Export,225,109790.84
Workforce Planning,225,134967.67555555556
Wide Area Networks,225,127729.02222222222
"Microsoft Access
",224,99361.77678571429
Knowledge-Based Configuration,224,118004.66071428571
Learning Management Systems,224,98181.9375
"SAP FI
",224,122162.11160714286
"Warehouse Management
",224,120604.0
Computing Platforms,223,120223.6726457399
Business Risk Management,223,110651.96860986546
"
  Sales
",223,113850.74887892377
Digitization,223,132668.61434977577
Data Interfaces,222,113509.45495495496
Medical Terminology,221,96436.83257918552
Software Deployment,221,143447.4886877828
Team Foundation Server,220,117003.37272727273
Oracle iProcurement,220,153206.58181818182
Operational Reporting,220,113893.57727272727
Process Development,220,108833.95
Real Time Data,220,129043.15
Database Architecture,220,124806.04090909091
Medical Coding,220,98649.84545454546
Qualitative Analysis,220,111160.76818181819
SAP Supplier Relationship Management (SAP SRM),219,119978.44748858447
Security Assertion Markup Language (SAML),219,115477.20547945205
Active Server Pages (ASP),219,112118.57534246576
"SAP Transportation Management (TM)
",219,129688.75799086758
"
  Oracle E-Business Suite
",219,119825.71232876713
Software Quality (SQA/SQC),219,123735.22831050228
Business-To-Consumer,219,130344.88127853881
Process Control,219,115605.14611872146
Business Reporting,219,115377.88127853881
Apache Subversion,218,115056.41284403669
Data Classification,218,118681.1376146789
Vendor Relationship Management,217,122412.96774193548
Sales Management,217,94522.90783410138
Serverless Computing,217,137934.5668202765
"
  Crystal Reports (Reporting Software)",216,101019.2824074074
Information Technology Architecture,216,135585.90277777778
Training Documentation,216,115894.87037037036
"Information Architecture
",216,134173.8564814815
Demand Management,216,120374.86574074074
Calculators,216,107492.43055555556
Software Adapters,215,124732.85581395349
Oracle Application Framework (OAF),214,113931.40186915887
"
  Google Sheets",214,107577.4859813084
"
  Order Management",214,120710.57009345795
Business Communication,214,110576.60747663552
Information Governance,214,126639.0046728972
"
  Planning
",214,116856.82242990655
Telecommuting,214,116539.64953271027
"
  Firewall",213,120975.18309859154
"SQL Server Reporting Services
",213,108281.7089201878
Data Sharing,213,113143.25352112677
Behavioral Health,213,103429.49765258215
Issue Tracking,213,112770.53990610328
SAP Transportation Management (TM),212,123079.19811320755
HEDIS (Healthcare Effectiveness Data And Information Set),212,106236.76886792453
Project Controls,212,122169.55660377358
Third-Party Logistics,212,123987.18396226416
Geography,212,112866.60377358491
Grammar,212,105649.80188679245
"Warehouse Management Systems
",211,120305.44549763034
Surveys,211,102892.4028436019
Online Transaction Processing,211,124528.25118483412
System Software,210,115316.69047619047
Android (Operating System),210,121417.08095238096
"Project Implementation
",210,123755.97142857143
Microsoft Windows,209,110715.67942583733
Custom Software,209,127952.66028708134
"
  Data Infrastructure",209,148935.15311004786
"
  Data Cleansing",209,102283.41626794258
"
  Code Review",209,122187.79425837321
Leadership Studies,209,118627.95215311005
"
  Power BI
",208,98435.11538461539
"
  Human Resources Information System (HRIS)",208,112578.50961538461
"
  Reporting Tools",208,113969.48557692308
"Forecasting
",208,110079.31730769231
Chatbot,207,117842.62801932367
"
  DoDAF",207,126123.63285024154
Adobe Experience Manager,206,134594.2427184466
OpenStack,206,116303.30097087378
International Financial Reporting Standards,206,123593.41262135922
Accounting Information Systems,206,117700.61650485436
Puppet (Configuration Management Tool),205,153711.73658536584
"Zachman Framework
",205,130390.77073170732
Curiosity,205,113220.02926829268
"Planning
",205,120737.0243902439
Okta,204,115306.00980392157
"
  Regression Testing",204,114680.74509803922
Discrete Manufacturing,204,120973.44117647059
"
  Inventory Staging",203,125522.30541871922
User Research,203,119680.77339901478
Environment Health And Safety,203,125323.2315270936
Brainstorming,203,130560.74384236454
"
  BigQuery",202,112673.99504950496
Engineering Management,202,156590.801980198
Information Technology Management,202,115806.92574257425
"
  Data Mining",202,101878.76732673268
Honesty,202,112693.19306930693
Compliance Reporting,201,116166.52736318408
"Systems Engineering
",201,131544.32835820896
Health Administration,200,109657.325
"
  Financial Systems",200,114576.15
Resource Utilization,200,126351.065
Supervision,200,114830.22
Product Support,199,110456.11055276381
Marketing Strategies,199,114690.92462311558
Data Maintenance,198,106935.95959595959
"Economics
",198,141421.60606060605
Investment Decisions,198,142084.07575757575
Decision Science,197,124227.70558375634
Entity Relationship Models,197,118523.27918781726
IBM Maximo,196,150942.60204081633
Sprint Planning,196,125711.49489795919
SAP APO,195,120909.11794871795
Zachman Framework,195,139954.36923076923
"User Information
",195,78701.85128205128
Program Development,195,116777.6358974359
"Project Accounting
",195,117602.07692307692
Security Information And Event Management (SIEM),195,116791.9076923077
Computer Networks,195,121253.5076923077
Post-Production,195,119468.39487179487
Visualization,195,118334.95384615385
Interface Design,194,117184.09793814433
Text Mining,194,107232.55154639175
"Project Management Software
",193,112354.95336787564
Governance and Compliance Strategy,193,109797.0310880829
Document Management Systems,192,103640.08333333333
ICD Coding (ICD-9/ICD-10),192,103667.53645833333
"User Feedback
",192,121474.52083333333
Big Data Analytics,192,114010.96354166667
Regression Analysis,192,113206.52604166667
"
  SAP Logistics",191,118725.21465968587
Performance Analytics,191,129103.42931937173
Business Process Management,191,122089.19895287958
"
  Governance Risk Management And Compliance",191,116566.79581151833
Visionary,191,134270.83769633507
Multilingualism,191,92292.7329842932
RStudio,190,108977.88421052632
"
  Information Technology Consulting",190,134952.52631578947
Business Statistics,190,104981.37894736842
Business Support Systems,190,113538.62631578947
"Java (Programming Language)
",189,121696.7671957672
Adobe Target,189,132600.24338624338
Social Work,189,95004.07936507936
Salesforce Marketing Cloud,188,131552.90425531915
Microsoft Dynamics GP,188,110574.6914893617
"
  C++ (Programming Language)",188,134036.9840425532
Corporate Strategy,188,126653.99468085106
Snowflake Schema,188,118908.18085106384
Database Development,188,112646.29787234042
"
  Business Process",188,113546.68617021276
Month-End Closing,188,117438.23936170213
Bootstrap (Front-End Framework),187,115089.1871657754
Project Management Life Cycle,187,123294.9679144385
Statistical Reporting,187,96826.52406417113
Information Organization,187,106260.97860962567
Goal Setting,187,118907.37967914439
Ruby (Programming Language),186,129303.72043010753
"Database Management
",186,97655.15053763441
Usability Testing,186,114572.99462365592
Project Schedules,186,115163.89247311828
Strategic Analysis,186,118728.1182795699
Business Logic,186,112902.13978494624
Azure Active Directory,185,117320.75675675676
Public Service,185,161077.3027027027
Program Evaluation,185,98033.07027027027
Enterprise Architecture Framework,185,131866.77837837837
"
  Leadership
",185,120122.54054054055
"Microsoft Windows
",184,117806.77173913043
Cloud-Native Applications,184,138498.8260869565
Enterprise Integration,184,142391.55434782608
Computer Programming,184,100979.29347826086
Psychology,184,94692.66847826086
Behavioral Analytics,184,116882.14673913043
"
  Project Management",184,116132.28804347826
ArchiMate,184,129895.57065217392
Project Management Office (PMO),184,118397.86956521739
"Persuasive Communication
",184,128699.79891304347
GraphQL,183,131856.10928961748
Matillion,183,126664.30601092897
SAP Functional,183,118922.57923497268
SAP Process Integration,183,119440.3169398907
Case Management,183,105350.45901639345
Appeals,183,125838.9344262295
Public Policies,183,101320.69398907103
Data Intelligence,183,119390.69398907103
Research And Development,182,122149.82417582418
Proofreading,182,108215.88461538461
Data Encryption,182,115272.34065934065
Health Level Seven (HL7),182,114663.63186813187
"
  Consulting",182,141043.28021978022
Category Management,181,103448.24861878454
Financial Technology (FinTech),181,120693.69060773481
"
  Microsoft SQL Servers",180,112758.36111111111
Primavera (Software),180,129531.44444444444
Oracle Database Administration (DBA),180,141353.56666666668
Biotechnology,180,123510.68333333333
"Human Capital
",179,140469.16759776536
Data Mart,179,110228.29608938548
Web Development,179,107452.52513966481
Oncology,179,118697.4972067039
"
  Business Analysis",179,113693.07821229051
Extensible Stylesheet Language Transformations (XSLT),178,122175.17977528089
"Data Strategy
",178,123185.41573033707
Program Process Monitoring,178,154533.10674157302
Actuarial Science,178,122778.5786516854
"Quick Learning
",178,105133.82584269663
"
  SAP NetWeaver Data Management",177,118710.56497175142
Medical Insurance Claims,177,115646.87005649718
"
  Systems Engineering",177,118597.04519774011
Distributed Computing,177,131467.4293785311
"
  Troubleshooting (Problem Solving)",177,118514.54237288136
Business Process Model And Notation,176,128100.07954545454
Computer Literacy,176,98978.56818181818
SAP Logistics,175,117511.42857142857
"
  Value Creation",175,125349.56
Secondary Source Information,175,107999.27428571429
FedRAMP,175,119754.67428571428
Commercial Banking,175,116587.32571428572
Hibernate (Java),174,120649.1724137931
"
  Erwin (Data Modeling Software)",174,117798.6091954023
Systems Modeling Language,174,132599.66666666666
"
  Informatica",174,116055.45977011495
Enterprise Risk Management (ERM),174,116572.97701149425
Data Warehouse Architectures,173,116839.13294797688
Datadog,173,140930.3005780347
API Design,173,130946.4739884393
Continuous Delivery,173,130965.27167630057
Revenue Growth,173,133872.36416184972
Physical Inventory,172,117145.68023255814
Writing Systems,172,108709.29651162791
"
  Sales Process",172,120561.16279069768
"Software Development
",172,117690.84302325582
Healthcare Analytics,172,108312.97093023256
Pharmacy Benefit Management,172,103672.15697674418
"Scenario Design
",172,144620.19186046513
"Negotiation
",172,132767.0988372093
"
  Learning Management Systems",171,99541.17543859649
Production Process,171,122567.43859649122
File Systems,171,115513.11695906433
Presales,171,164597.59649122806
"
  Business Workflow Analysis",171,122425.11695906433
Oracle GoldenGate,170,143720.57647058825
Fidessa (Software),170,126976.35294117648
Institutional Research,170,88043.9705882353
Project Risk Management,170,113846.23529411765
"
  Project Portfolio Management",170,123278.42352941177
"MapReduce
",169,237059.81065088758
Domain Driven Design,169,128882.04733727811
Security Administration,169,118616.82840236687
Qualitative Research,169,106903.03550295858
Data Center Operations,168,114001.0
Virtual Private Networks (VPN),168,116334.86309523809
Customer Inquiries,168,107474.08333333333
Flowcharts,168,111023.03571428571
"
  Sales",168,110995.01190476191
VSE (Operating System),167,115024.0
Investment Banking,167,125362.89221556886
Cyber Risk,167,119657.50898203593
Consensus Decision Making,167,123107.17964071856
Warehouse Operations,167,121011.7245508982
Marketing Performance Measurement And Management,167,110276.125748503
"
  Technical Debt",167,182924.5508982036
"Time Management
",167,108364.59281437125
SAP NetWeaver Application Servers,166,116983.78313253012
"HyperText Markup Language (HTML)
",166,117824.06626506025
Business Intelligence Development,166,110939.02409638555
Technical Assistance,166,107634.63855421687
"Project Management
",166,115772.24096385542
Product Design,166,119133.75903614458
Executive Presentations,166,124409.9156626506
"
  Collaboration",166,118200.86144578313
Oracle Reports,165,113583.57575757576
Primary Source Information,165,108425.78181818181
Product Lining,165,130856.01818181819
"Empathy
",165,106163.68484848485
"
  Analytical Thinking",165,114301.29696969697
Smartsheet,164,111518.5
Java Message Service (JMS),164,122387.9268292683
"
  Performance Analytics",164,131842.82317073172
Functional Analysis,164,123846.83536585367
Landscaping,164,130534.00609756098
Kinaxis (Software),163,155899.34969325154
Market Dynamics,163,119216.85276073619
Business Objectives,163,128704.66257668711
Microsoft OneNote,162,153679.3950617284
Stata,162,97331.58024691358
Data Loss Prevention,162,116515.38888888889
Inventory Control,162,110088.3950617284
Sales Reporting,162,90433.66666666667
"Product Demonstration
",162,122151.67283950618
Agile Projects,162,122582.34567901235
"Accountability
",162,108929.14197530864
"
  Information Technology
",162,121886.07407407407
Ab Initio (Software),161,127231.9254658385
Healthcare Quality,161,107193.55900621117
Business Concepts,161,117309.77639751552
"Change Management
",161,117117.85093167702
Architectural Patterns,161,133737.7142857143
"Reporting Tools
",160,135267.24375
"Microsoft Dynamics 365
",160,114840.325
Server-Side,160,123710.45625
"
  Data Management",160,98183.80625
Technical Engineering,160,123156.25
Tenacity,160,111837.66875
Sorting,160,103523.525
Action Oriented,160,113444.78125
"
  Generative Artificial Intelligence
",159,111045.14465408806
"Test Planning
",159,119015.18867924529
Operational Risk,159,124989.40880503145
"
  Statistical Analysis",159,113129.6603773585
"English Language
",159,106791.7610062893
"Finger Dexterity
",159,104513.38364779874
"Management
",159,112297.7924528302
"
  Mentorship",159,140874.45283018867
"Mentorship
",159,114838.72327044026
XML Schema,158,119963.96202531646
Content Management,158,122472.96202531646
Manufacturing Operations,158,116496.27215189874
Software Development Methodologies,158,115977.03797468354
Requirements Traceability,158,130596.67088607595
Release Notes,158,112069.43037974683
Digital Data,158,113881.63924050632
"Human Resources Information System (HRIS)
",157,114375.70063694268
"
  Spreadsheets
",157,101939.84076433121
"PostgreSQL
",157,121856.22929936305
Commercialization,157,117201.43949044586
Growth Strategies,157,126501.40127388535
"
  Warehousing",157,106034.87261146496
Back End (Software Engineering),157,117614.31847133758
"
  Strategic Planning",157,121897.45859872611
Web Dynpro,156,124360.48717948717
Application Frameworks,156,143053.65384615384
Electronic Data Capture (EDC),156,111607.83333333333
"
  Solution Architecture",156,125538.3717948718
Technical Management,156,131456.65384615384
Global Delivery Model,156,115890.14743589744
Courage,156,122736.98717948717
Productivity Software,155,119606.23225806451
"
  SAS (Software)",155,113254.09032258064
"Gitlab
",155,121489.02580645161
Data Exchange,155,114005.89032258064
Security Engineering,155,122851.56129032258
Demand Forecasting,155,110814.70322580646
Customer Communications Management,155,123964.25161290323
WordPress,154,85655.01298701299
SAP Manufacturing Execution (ME),154,133899.3961038961
Microsoft Intune (Mobile Device Management Software),154,128246.1948051948
Apache Parquet,154,102924.77922077922
Patient Safety,154,118202.33116883117
Primary Care,154,77982.8961038961
"Unit Testing
",154,125243.74025974025
Cost Reduction,154,129741.07792207792
Spanish Language,154,102010.97402597402
SAP Warehouse Management,153,121037.09803921569
ADO.NET (Programming Language),153,117546.5751633987
"
  Unix",153,119172.61437908496
Zoom (Video Conferencing Tool),153,108349.522875817
Product Analytics,153,145023.1045751634
Product Marketing,153,138831.13725490196
Order Fulfillment,153,110961.11111111111
"
  Warehouse Management Systems",152,114940.40789473684
Vue.js (Javascript Library),152,131235.42763157896
"
  Application Programming Interface (API)
",152,140603.34210526315
Cost Accounting,152,121883.05921052632
Requirements Specifications,152,114160.06578947368
"Database Design
",152,110554.54605263157
"
  Amazon Redshift",151,105839.29139072848
Selenium (Software),151,114458.8940397351
Virtual Machines,151,124580.63576158941
"
  Internet Services",151,102442.02649006623
"
  Emergency Response
",151,45154.28476821192
Compliance Risk,151,118202.50331125828
Formal Learning,151,118124.41721854305
Service Development,151,114360.1523178808
Systems Thinking,151,130598.4238410596
System Deployment,150,159994.36666666667
"Systems Architecture
",150,139761.56666666668
Data Layers,150,131771.70666666667
Process Integration,150,121909.62666666666
"
  Human Resource Strategy",150,154714.94
Oracle Configure-Price-Quote (CPQ),149,134174.45637583893
File Transfer Protocol (FTP),149,117558.53020134228
Query Performance,149,118798.47651006712
Document Management,149,108309.80536912751
IdentityIQ,148,121377.43243243243
Drupal,148,90353.81081081081
SAP IS-U,148,121878.75675675676
Matrix Management,148,123997.11486486487
Application Services,148,118292.63513513513
User Provisioning,148,117343.66891891892
Security Strategies,148,121648.06081081081
Stakeholder Requirements,148,110002.03378378379
Market Liquidity,148,121074.05405405405
Credit Risk,148,114121.99324324324
Customer Relationship Management (CRM) Software,147,98098.08843537416
Enterprise Service Bus,147,119484.73469387754
Modeling Languages,147,118218.16326530612
Technical Recruitment,147,115216.24489795919
Simulations,147,124893.92517006803
"
  Data Warehousing",147,115094.55782312925
Impact Assessment,147,119898.1768707483
Expense Management,147,118785.85034013605
Project Cost Management,147,123713.28571428571
"Control Objectives For Information And Related Technology (COBIT)
",146,122481.70547945205
"
  Exploratory Data Analysis",146,88810.95205479451
Lightweight Directory Access Protocols,146,119180.47945205479
Parsing,146,111536.63698630137
Market Segmentation,146,126341.04109589041
"Business Systems Analysis
",146,120510.87671232877
Research Electronic Data Capture (REDCap),145,92540.62068965517
Graphical User Interface,145,116860.26206896552
Command-Line Interface,145,118840.11724137931
"Industry Standards
",145,117716.6551724138
"
  Scrum (Software Development)",145,137040.35172413793
"Help Desk Support
",145,104756.11724137931
"
  Requirements Analysis",145,115410.8
Growth Mindedness,145,117908.73103448276
Oracle Workflow,144,115278.6875
Adobe Campaign,144,130380.48611111111
"
  Relational Database Management Systems",144,118901.79861111111
JavaScript Frameworks,144,118216.84722222222
Econometrics,144,110511.27083333333
Batch Processing,144,116538.1875
Marketing Materials,144,110701.11805555556
"
  English Language",144,118716.52777777778
Plotly,143,112678.76923076923
Application Environments,143,112963.4965034965
PowerDesigner,143,122927.35664335664
Project Sponsorship,143,116232.95804195805
Variance Analysis,143,118087.53146853147
Salesforce Development,143,113318.22377622378
Corporate Data Management,143,112080.51748251748
"Software Development Methodologies
",143,139388.73426573427
Chronic Diseases,143,81514.81818181818
Teaching,143,107769.37762237762
Azure Machine Learning,142,115232.23943661971
SAP Knowledge Warehouse,142,114458.2957746479
"
  Business Intelligence Tools",142,111599.7042253521
Wireless Security,142,114417.69014084506
Model View Controller,142,122812.17605633802
"
  Solution Delivery",142,146832.70422535212
"
  Technical Acumen",142,120231.33802816902
"
  IBM DB2",141,118065.60992907801
Attribute Change Package,141,119577.78723404255
Customer Advocacy,141,125468.75886524822
"Release Management
",141,125491.68085106384
"
  Solution Selling",141,128124.63120567377
"Fine Motor Skills
",141,107065.0354609929
Informatica Powercenter,140,119167.97142857143
Strategic Leadership,140,154895.57857142857
"
  Blueprinting",140,124981.65714285715
E-Business,140,114643.13571428572
Employee Engagement,140,145221.65714285715
"Oracle WebLogic Server
",139,119285.55395683453
Low-Code Development Platform (LCDP),139,127951.15107913669
Infrastructure Security,139,134073.72661870503
Iterative And Incremental Development,139,115329.38129496403
Vulnerability Assessments,139,114000.58273381295
Composure,139,104853.69064748201
"Operational Data Store
",138,113378.15217391304
Amazon QuickSight,138,113616.42028985507
Snowflake (Data Warehouse),138,117548.18115942029
OpenShift,138,133030.85507246378
Access Network,138,117596.11594202899
"
  Data Storage",138,124081.16666666667
"Data Conversion
",138,117860.57246376811
Corporate Reporting,138,161471.22463768115
TypeScript,137,118214.29197080292
IBM InfoSphere DataStage,137,119532.14598540145
Sapui5,137,121052.67153284671
Lean Manufacturing,137,113803.26277372263
Time Series,137,113828.59124087592
"Quality Improvement
",137,110440.74452554744
"
  Design Specifications",137,139454.96350364963
Agile Leadership,137,149337.34306569342
Trustworthiness,137,120297.00729927007
"
  Negotiation",137,111207.1605839416
Public Speaking,137,111534.64963503649
Logical Data Models,136,120069.5955882353
Procurement Software,136,115611.66911764706
Jersey (Java Framework),136,120514.97794117648
Windows Desktop,136,121991.05882352941
Web Servers,136,122557.58088235294
"
  Solution Design",136,103920.70588235294
"
  Generally Accepted Accounting Principles",136,116867.78676470589
Investment Management,136,128817.38235294117
Performance Review,136,111762.80147058824
Test Strategy,136,118553.27205882352
Integrated Development Environments,135,115585.88888888889
"Software As A Service (SaaS)
",135,135007.51111111112
Customer Analytics,135,107216.01481481481
Model Based Systems Engineering,135,142173.68148148147
Clinical Trials,135,122067.48888888888
"
  Technical Consulting",135,132265.32592592592
"
  Computer Displays",135,114549.63703703704
"Microsoft Office 365
",134,108564.01492537314
Project Accounting,134,138628.83582089553
"
  IT Capacity Management",134,123191.26865671642
Competitive Analysis,134,119391.62686567164
Control Systems,134,125672.82089552238
Needs Assessment,134,109599.92537313433
Motivational Skills,134,127724.17910447762
AutoCAD,133,117515.58646616542
Branding,133,114906.7067669173
Front End Design,133,123208.8947368421
Category Analytics,133,102965.02255639098
"Oracle Management
",133,120694.31578947368
"
  Governance
",133,114136.42105263157
Plan Execution,133,121548.27067669173
Visual Acuity,133,105445.6992481203
Qualtrics,132,94174.68939393939
Unknown,132,115024.0
Dataset,132,107361.56060606061
AppExchange,132,130350.81060606061
Clinical Research,132,108785.85606060606
Cloud Governance,132,122275.04545454546
Cataloguing,132,114044.43939393939
"Federal Information Security Management Act
",132,117800.72727272728
Presentation Software,131,109255.09923664122
Remittance,131,134684.58778625954
Network Performance Management,131,107919.34351145038
Experimentation,131,115851.40458015267
Configuration Design,131,121100.45801526717
Practice Management,131,126079.11450381679
Geospatial Analysis,131,112873.97709923664
Infrastructure Architecture,131,136093.3435114504
Naming Conventions,131,121142.3893129771
Financial Market,131,109342.29007633588
Data Presentation,131,108000.21374045801
Maintainability,131,128594.24427480916
"Post-Production
",131,139667.6183206107
"Oracle SQL Developer
",130,113803.48461538462
Arcpy,130,114201.4923076923
Adobe Experience Platform Launch,130,120676.10769230769
Organizational Effectiveness,130,108228.0076923077
Artificial Neural Networks,130,125355.96153846153
Data Availability,130,118176.51538461538
"Procure-To-Pay (PTP)
",130,122215.0076923077
Experimental Design,130,128896.07692307692
Process Manufacturing,130,124988.56153846154
Sprint Retrospectives,130,114451.68461538461
Checklists,130,118647.16923076923
"Training And Development
",130,113751.87692307692
"
  Research
",130,106689.11538461539
Accounting Software,129,102757.46511627907
OpenID,129,121026.35658914728
Secondary Research,129,106748.11627906977
Technical Sales,129,128053.36434108527
Ontologies,129,124712.56589147287
Master Data Management,129,127813.56589147287
Customer Acquisition Management,129,117957.34108527131
Threat Management,129,117470.58139534884
Federal Enterprise Architecture,129,138240.8992248062
Cycle Counting,129,113309.52713178295
VMware Servers,128,118787.0
"
  The Open Group Architecture Framework (TOGAF)
",128,134679.8046875
"
  ArcGIS (GIS Software)",128,102916.921875
Luigi (Python Package),128,131197.609375
Risk Control,128,118803.171875
Point Of Sale,128,108673.6953125
Inventory Management System,127,104041.69291338582
"Enterprise Service Bus
",127,118151.43307086614
SAP Fieldglass (Vendor Management Tool),127,122836.36220472441
Payroll Systems,127,119189.53543307087
Meter Data Management,127,143649.3937007874
Mental Health,127,101361.25984251969
Preparing Executive Summaries,127,84108.25196850394
Wireframing,127,114552.27559055119
Excel Formulas,127,90070.06299212598
Application Servers,127,123104.95275590551
"
  Data Processing",127,98816.89763779528
Health Policies,127,108462.41732283465
"Business Requirements
",127,119124.70078740157
YAML,126,129839.84126984127
Sybase (Software),126,129076.79365079365
Software Versioning,126,126691.25396825396
"
  Business Architecture",126,124627.52380952382
"
  Oracle Fusion Middleware
",125,118761.264
AWS Lambda,125,151948.768
"
  JIRA",125,112221.168
"Alation Data Catalog
",125,121482.416
"
  Automation",125,109322.816
Sign Language Interpretation,125,122865.48
Vulnerability Management,125,122475.272
Business Process Transformation (BPT),125,101018.464
Credit Management,125,118709.552
Good Manufacturing Practices,125,105848.656
Content Creation,125,113603.032
"
  Capital Markets",125,124014.584
"JIRA
",124,113468.7741935484
"
  Kibana",124,121607.3629032258
Quantum GIS (QGIS),124,108124.12903225806
Salesforce Object Query Language (SOQL),124,128077.92741935483
"
  Predictive Modeling",124,119701.31451612903
"
  Internal Controls",124,109866.58064516129
Language Experience Approach,124,110402.82258064517
Occupational Safety And Health,124,113065.31451612903
Research Experiences,124,105603.2258064516
"Microsoft Solutions Framework
",123,117236.09756097561
"Postman API Platform
",123,127257.57723577236
"
  SAP IS-U",123,130363.13821138212
User Interface (UI) Design,123,118469.73170731707
"
  Advanced Mathematics",123,99345.57723577236
Endpoint Security,123,118166.42276422764
Healthcare Common Procedure Coding Systems,123,89735.21138211382
Sales Presentations,123,142490.86991869917
Lead Generation,123,94670.54471544715
Continuous Quality Improvement (CQI),123,87377.86991869919
Supervisory Control And Data Acquisition (SCADA),123,118009.9512195122
Compliance Training,123,103877.1138211382
Security Systems,123,115513.65040650406
Mobile Architecture,123,118352.52032520325
"Interpersonal Communications
",123,116633.19512195123
"Ideation
",123,115142.37398373983
"Virtual Teams
",123,117422.081300813
VS Code,122,128906.80327868853
"
  Applicant Tracking Systems",122,108144.14754098361
"Salesforce
",122,117302.47540983607
Azure Logic Apps,122,118970.37704918033
Configurators,122,106216.09836065574
Internal Communications,122,98847.79508196721
"
  Automotive Industry",122,108513.18852459016
"Financial Systems
",122,114974.64754098361
User Experience (UX) Design,121,118568.76859504133
"
  Infrastructure Architecture",121,130031.84297520661
Environmental Science,121,102674.04132231405
Software Technical Review,121,116841.38016528926
Capital Markets,121,121161.10743801652
"Healthcare Analytics
",121,101549.52066115703
Market Opportunities,121,109840.07438016529
"
  Business Acumen",121,119521.65289256198
SAP Project System,120,119141.2
Machine Learning Model Training,120,117652.81666666667
Information Sciences,120,109322.025
Machinery,120,107197.225
Chemistry,120,104547.03333333334
Electronic Engineering,120,130517.00833333333
Software Design Documents,120,118606.38333333333
Veeva,119,117997.36134453781
Financial Stress Testing,119,121961.16806722688
"
  Financial Analysis",119,132959.3613445378
Linear Regression,119,116048.42016806723
Network Planning And Design,119,133284.90756302522
Docker Swarm,118,148018.91525423728
"
  SAP Ariba",118,117658.21186440678
"
  The Open Group Architecture Framework (TOGAF)",118,133000.39830508476
"Generative Artificial Intelligence
",118,154605.01694915254
Data As A Service (DaaS),118,83622.07627118644
Retail Banking,118,126571.21186440678
Real World Data,118,111042.74576271187
Remote Access Systems,118,120220.49152542373
Test Script,118,112764.50847457627
Cloud Hosting,118,125846.95762711864
Third Normal Form,118,131982.5254237288
Industrial Engineering,118,132470.2033898305
"
  Capacity Planning",118,119993.55084745762
French Language,118,110781.36440677966
Apigee,117,123687.91452991453
BRFplus,117,117242.09401709402
Design Strategies,117,127177.48717948717
Visual Design,117,121448.10256410256
Object-Oriented Analysis And Design,117,127363.58974358975
Goal-Oriented,117,114449.73504273505
"Wolfram Mathematica
",116,112816.8275862069
RabbitMQ,116,127587.25
"Apache Hive
",116,127942.02586206897
Oracle Apex,116,117031.08620689655
Cryptography,116,116413.91379310345
Information Access,116,115869.64655172414
"
  Data Intelligence",116,118506.43103448275
Compliance Management,116,121499.14655172414
"
  Process Improvement",116,103442.68103448275
Application Deployment,116,132738.50862068965
Product Requirements,116,122163.52586206897
Financial Industry Regulatory Authorities,116,121027.56034482758
Derivatives,116,121582.62068965517
"
  Coordinating",116,111457.44827586207
"Oracle Business Intelligence Enterprise Edition
",115,113807.65217391304
Control-M (Batch Scheduling Software),115,117714.62608695652
Epic EMR,115,106600.15652173913
Apache HBase,115,140293.6695652174
Event Management,115,125353.20869565217
Strategic Alignment,115,130520.92173913044
Descriptive Statistics,115,107399.93043478261
Design Documentation,115,116665.42608695652
Construction,115,105122.6347826087
Cloud Strategy,115,138776.57391304348
Object-Oriented Design,115,130910.91304347826
WildFly (JBoss AS),114,119709.36842105263
Genesys,114,112838.84210526316
Water Resources,114,110314.12280701754
Pattern Recognition,114,123458.67543859649
Business Modeling,114,119264.67543859649
Taking Meeting Minutes,114,104759.6052631579
Statutory Reporting,114,121676.85964912281
ERP Systems Knowledge,114,106092.67543859649
Mechanical Engineering,114,110871.35087719298
Statistical Inference,114,109918.25438596492
Sales Analysis,114,113764.80701754386
Hospital Information Systems,114,88371.5701754386
Listening Skills,114,109249.86842105263
Copado,113,130859.62831858407
"Azure Active Directory
",113,126706.9203539823
Broadband,113,92654.18584070797
"Enterprise Resource Planning
",113,115776.50442477876
System Integrity,113,115537.00884955752
Sales Strategy,113,122035.9557522124
Test Execution Engine,113,114617.61946902655
"
  Performance Management",113,146479.37168141594
"User Roles
",113,115066.42477876107
Information Assurance,113,121301.3185840708
Visual Storytelling,113,111989.9203539823
Information Synthesis,113,107058.73451327434
Java Database Connectivity,112,120957.08928571429
"NetFlow
",112,145340.2857142857
IBM Websphere Application Server,112,124128.48214285714
Cloud Database,112,116804.19642857143
BlackLine (Accounting Software),112,144134.60714285713
Archives,112,124052.03571428571
Market Analysis,112,114344.26785714286
Preventive Care,112,72729.90178571429
Test-Driven Development (TDD),112,119117.65178571429
Fixed Income,112,111439.21428571429
Cost Estimation,112,148522.86607142858
Data Administration,112,105528.16071428571
Job Control Language (JCL),111,122299.53153153154
Swagger UI,111,133762.5045045045
Apache Avro,111,117575.8918918919
Conceptual Data Modeling,111,119740.01801801802
Clinical Study Design,111,103994.73873873874
Newsletters,111,116851.49549549549
Management Accounting,111,119891.81081081081
Edifecs,110,74382.6
Google Tag Manager,110,114066.14545454546
Data Centers,110,133901.56363636363
Organizational Development,110,111380.36363636363
Ledgers (Accounting),110,124903.03636363636
Test Case,110,113394.9909090909
Probability,110,111136.56363636363
Work Breakdown Structure,110,122179.92727272728
"Revenue Accounting
",110,120058.35454545454
Time Series Analysis And Forecasting,110,117010.92727272728
Business Intelligence Architecture,110,114039.28181818181
Electric Utility,110,148283.8818181818
"Azure Functions
",109,137098.60550458715
"Relational Databases
",109,114299.77064220184
Microsoft Software,109,111949.44036697247
"
  SAP R/3",109,122847.22935779816
"
  JavaServer Pages",109,123766.93577981651
Resource Description Framework (RDF),109,121980.47706422018
"
  Infrastructure Security",109,155100.71559633026
"
  Key Performance Indicators (KPIs)",109,105327.36697247706
Workshop Facilitation,109,123053.41284403669
Health Risk Assessments,109,112158.16513761468
Protected Health Information,109,110337.43119266054
Lean Methodologies,109,126329.14678899082
Design Reviews,109,121073.38532110091
"System Implementation
",109,123530.11926605504
Payment Card Industry (PCI) Data Security Standards,109,120663.52293577982
Employee Performance Management,109,121709.02752293578
NIST 800,109,122457.40366972476
"
  Problem Solving",109,111152.93577981651
"
  Critical Thinking",109,108880.43119266054
"Grafana
",108,124970.93518518518
VBScript (Visual Basic Scripting Edition),108,117193.83333333333
"Microsoft 365
",108,114643.86111111111
"C# (Programming Language)
",108,117217.71296296296
Data Masking,108,114557.60185185185
Large Language Modeling,108,135371.12962962964
Activities Of Daily Living (ADLs),108,128310.9074074074
Platform Design And Development,108,143799.38888888888
"ICD Coding (ICD-9/ICD-10)
",108,68307.67592592593
Business Blueprinting,108,127970.49074074074
"
  Good Driving Record",108,93601.32407407407
Gitlab,107,116179.78504672897
TikTok,107,132897.52336448597
Oracle Data Service Integrator,107,117642.84112149532
Health Economics,107,111918.80373831776
Compliance Auditing,107,99533.73831775702
Capability Maturity Model Integration,107,123577.0
Medical Research,107,108986.42056074766
"Business Process Mapping
",107,116573.66355140187
Process Transformation,107,118616.73831775702
Independent Thinking,107,109483.98130841121
"
  Report Writing",107,99490.1214953271
"
  Information Gathering",107,114383.19626168224
"Scheduling
",107,121824.40186915887
Mac OS,106,112564.88679245283
"Microsoft SQL Servers
",106,111940.49056603774
Azure Cloud Services,106,127360.03773584905
Honeypots (Computing),106,148000.83018867925
"Role-Based Access Control (RBAC)
",106,117227.58490566038
Cisco Identity Services Engine (ISE),106,115391.50943396226
Oracle Customer Experience (CX),106,158633.64150943398
Feature Engineering,106,122810.00943396226
Environment Management,106,133364.2641509434
Infographics,106,101264.16981132075
Data Retention,106,122061.58490566038
"
  Project Management Life Cycle",106,117123.07547169812
"
  Software Technical Review",106,115274.30188679245
Visual Analytics,106,115105.58490566038
Multi-Tenant Cloud Environments,106,122729.83018867925
Kanban Principles,106,117766.77358490566
"
  Digital Transformation",106,126926.35849056604
Creating Shareholder Value,106,138732.11320754717
Oracle BI Publisher,105,120415.21904761904
EcoSys (Project Management Software),105,123637.39047619047
"
  Life Sciences",105,108045.45714285714
"
  Project Documentation",105,114064.61904761905
Cloud Engineering,105,131691.61904761905
Learning Platforms,105,119063.02857142857
Policy Analysis,105,98892.1619047619
Health Information Technology,105,128693.41904761904
Front Office,105,116461.34285714285
"
  Requirements Elicitation",105,115338.05714285714
Financial Acumen,105,129129.69523809524
"
  NetApp Applications",104,203803.53846153847
"
  JavaScript (Programming Language)",104,136326.375
IBM AIX,104,128392.94230769231
"
  Legacy System Migration Workbench",104,118834.02884615384
"Data Access
",104,120909.06730769231
"Big Data
",104,113528.26923076923
Clinical Practices,104,114738.0
Communication Strategies,104,120399.85576923077
Random Forest Algorithm,104,120475.91346153847
Customer Profiling,104,117989.17307692308
"
  Innovation
",104,115558.45192307692
"
  Decision Making",104,118011.93269230769
Pentaho Data Integration,103,110272.03883495145
AWS Kinesis,103,132769.6504854369
Lightning Web Components,103,125612.67961165048
Junit,103,134528.3495145631
Postman API Platform,103,116045.14563106796
Information Sharing,103,115881.12621359223
Organizational Architecture,103,124464.77669902913
Lawsuits,103,111169.03883495145
"Auditor's Report
",103,100101.56310679612
"Administrative Functions
",103,90020.99029126213
"Needs Assessment
",103,112115.41747572816
"
  Logical Data Models",102,119471.67647058824
Groovy (Programming Language),102,127624.98039215687
"
  Oracle Business Intelligence (BI) / OBIA",102,113045.45098039215
"SAP Human Resource Management Software
",102,115751.11764705883
SAS Macros,102,111691.80392156863
Data Element,102,113760.56862745098
Intelligence Analysis,102,108144.87254901961
Political Sciences,102,103763.07843137255
Marketing Channel,102,117123.53921568628
"Incident Management
",102,114968.6862745098
Conflict Management,102,120903.42156862745
Payroll Processing,102,115413.30392156863
Applied Statistics,102,114761.01960784313
Punctuality,102,100039.80392156863
Computer Terminals,102,106015.90196078431
Oracle WebLogic Server,101,121126.93069306931
"Data Lakes
",101,120928.41584158415
"Business Performance Management
",101,114958.27722772278
Technical Presentations,101,138859.05940594058
Product Innovation,101,115422.66336633664
Health Sciences,101,110890.73267326732
Medical Billing,101,100620.85148514851
"
  Mathematics
",101,110855.34653465346
"
  Ingenuity",101,114435.36633663367
"Filing
",101,98462.0396039604
"The Open Group Architecture Framework (TOGAF)
",100,126943.04
Azure Kubernetes Service,100,124603.2
"
  Okta
",100,115259.7
"
  Enterprise Application Software
",100,125071.24
Web Services Description Language,100,137506.61
Sisense,100,115568.38
Computer Hardware,100,107785.37
Human Resource Management,100,117187.17
Supply And Demand,100,122568.95
Semiconductors,100,141107.59
IBM i,100,89129.6
"Computer Engineering
",100,119686.96
